[{"model": "contenttypes.contenttype", "pk": 1, "fields": {"app_label": "admin", "model": "logentry"}}, {"model": "contenttypes.contenttype", "pk": 2, "fields": {"app_label": "auth", "model": "permission"}}, {"model": "contenttypes.contenttype", "pk": 3, "fields": {"app_label": "auth", "model": "group"}}, {"model": "contenttypes.contenttype", "pk": 4, "fields": {"app_label": "auth", "model": "user"}}, {"model": "contenttypes.contenttype", "pk": 5, "fields": {"app_label": "contenttypes", "model": "contenttype"}}, {"model": "contenttypes.contenttype", "pk": 6, "fields": {"app_label": "sessions", "model": "session"}}, {"model": "contenttypes.contenttype", "pk": 7, "fields": {"app_label": "user", "model": "userlog"}}, {"model": "contenttypes.contenttype", "pk": 8, "fields": {"app_label": "user", "model": "user"}}, {"model": "contenttypes.contenttype", "pk": 9, "fields": {"app_label": "user", "model": "user_fb"}}, {"model": "contenttypes.contenttype", "pk": 10, "fields": {"app_label": "captcha", "model": "captchastore"}}, {"model": "contenttypes.contenttype", "pk": 11, "fields": {"app_label": "superadmin", "model": "superadminlog"}}, {"model": "contenttypes.contenttype", "pk": 12, "fields": {"app_label": "superadmin", "model": "superadmin"}}, {"model": "contenttypes.contenttype", "pk": 13, "fields": {"app_label": "doctor", "model": "doctorlog"}}, {"model": "contenttypes.contenttype", "pk": 14, "fields": {"app_label": "doctor", "model": "doctor"}}, {"model": "contenttypes.contenttype", "pk": 15, "fields": {"app_label": "doctor", "model": "doctor_fb"}}, {"model": "contenttypes.contenttype", "pk": 16, "fields": {"app_label": "user", "model": "user_contacts"}}, {"model": "contenttypes.contenttype", "pk": 17, "fields": {"app_label": "user", "model": "user_medical"}}, {"model": "contenttypes.contenttype", "pk": 18, "fields": {"app_label": "user", "model": "user_surgery"}}, {"model": "contenttypes.contenttype", "pk": 19, "fields": {"app_label": "user", "model": "user_doctor_consultancy"}}, {"model": "contenttypes.contenttype", "pk": 20, "fields": {"app_label": "doctor", "model": "symptomcat"}}, {"model": "contenttypes.contenttype", "pk": 21, "fields": {"app_label": "doctor", "model": "symptoms"}}, {"model": "contenttypes.contenttype", "pk": 22, "fields": {"app_label": "doctor", "model": "diseasecat"}}, {"model": "contenttypes.contenttype", "pk": 23, "fields": {"app_label": "doctor", "model": "diseases"}}, {"model": "contenttypes.contenttype", "pk": 24, "fields": {"app_label": "doctor", "model": "injury"}}, {"model": "contenttypes.contenttype", "pk": 25, "fields": {"app_label": "user", "model": "user_doctor_case"}}, {"model": "contenttypes.contenttype", "pk": 26, "fields": {"app_label": "user", "model": "user_medicine"}}, {"model": "contenttypes.contenttype", "pk": 27, "fields": {"app_label": "user", "model": "user_medicine_own"}}, {"model": "contenttypes.contenttype", "pk": 28, "fields": {"app_label": "user", "model": "user_allergy"}}, {"model": "contenttypes.contenttype", "pk": 29, "fields": {"app_label": "user", "model": "user_reports"}}, {"model": "contenttypes.contenttype", "pk": 30, "fields": {"app_label": "user", "model": "lab_report_files"}}, {"model": "contenttypes.contenttype", "pk": 31, "fields": {"app_label": "user", "model": "user_parameters"}}, {"model": "contenttypes.contenttype", "pk": 32, "fields": {"app_label": "lab", "model": "lablog"}}, {"model": "contenttypes.contenttype", "pk": 33, "fields": {"app_label": "lab", "model": "lab"}}, {"model": "contenttypes.contenttype", "pk": 34, "fields": {"app_label": "pharm", "model": "pharm"}}, {"model": "contenttypes.contenttype", "pk": 35, "fields": {"app_label": "pharm", "model": "pharmlog"}}, {"model": "contenttypes.contenttype", "pk": 36, "fields": {"app_label": "lab", "model": "lab_fb"}}, {"model": "contenttypes.contenttype", "pk": 37, "fields": {"app_label": "pharm", "model": "pharm_fb"}}, {"model": "contenttypes.contenttype", "pk": 38, "fields": {"app_label": "lab", "model": "lab_rec"}}, {"model": "contenttypes.contenttype", "pk": 39, "fields": {"app_label": "pharm", "model": "pharm_rec"}}, {"model": "sessions.session", "pk": "1kmhwyhahfmwqegclo6pvk2bm125tuqj", "fields": {"session_data": "OTNmOTM5MTFiNjU4MGQzZmNmNWQxOTg2N2E0MzU1ZDliMTk2OGU4ODp7InBoYXJtX25hbWVfIjoia2F2aWxwYXJpa2giLCJsYWJfdXNlcl9sb2dpbiI6InNhbWluX21hbmluIiwic3VwZXJhZG1pbl9uYW1lIjoic2FtaW5fbW9taW4ifQ==", "expire_date": "2020-03-13T03:54:06.014Z"}}, {"model": "sessions.session", "pk": "9obqwprqrdmh64nmbdca4xmmw27i9318", "fields": {"session_data": "MzdlYjNkMWNjNDY0NTE3YzNkMGMwYzQzNWRlZTYyZGQyNGIxNzEyNzp7ImRvY3Rvcm5hbWUiOiJrYXZpbHBhcmlraCJ9", "expire_date": "2020-03-08T03:03:38.484Z"}}, {"model": "sessions.session", "pk": "muzkosvvkagtwi44mdtmlqtunjubhhon", "fields": {"session_data": "ZjY2ZWE2NzRlOGIxNmNjZmJlMTBjMzJkMTA0NjczMWI4NTI5YjAwNjp7ImxhYl9uYW1lXyI6ImthdmlscGFyaWtoIiwibGFiX3VzZXJfbG9naW4iOiJwYXJlc2hfcGFuY2hhbCJ9", "expire_date": "2020-03-12T19:56:45.205Z"}}, {"model": "sessions.session", "pk": "oyh61ffz01l4ia1kp88iwz6q5ydwrsik", "fields": {"session_data": "OWM5Yzg1OTRjOTQzYmExMTYzYmVkM2VmNmI5YmQwY2ExZmYwZDMzZTp7ImRvY3Rvcm5hbWUiOiJrYXZpbHBhcmlraCIsInVzZXJuYW1lIjoicGFyZXNoX3BhbmNoYWwifQ==", "expire_date": "2020-03-05T15:46:32.565Z"}}, {"model": "user.userlog", "pk": 1, "fields": {"uid": 3, "user_name": "tithii_patel_2", "userip": "127.0.0.1", "loginTime": "2020-02-19T08:44:27.580Z", "logoutTime": "2020-02-19T08:46:04.160Z", "success": true}}, {"model": "user.userlog", "pk": 2, "fields": {"uid": 3, "user_name": "tithii_patel_2", "userip": "127.0.0.1", "loginTime": "2020-02-19T08:46:56.855Z", "logoutTime": "2020-02-19T11:10:02.953Z", "success": true}}, {"model": "user.userlog", "pk": 3, "fields": {"uid": 3, "user_name": "tithii_patel_2", "userip": "127.0.0.1", "loginTime": "2020-02-19T12:52:46.724Z", "logoutTime": "2020-02-19T13:06:09.037Z", "success": true}}, {"model": "user.userlog", "pk": 4, "fields": {"uid": 4, "user_name": "paresh_panchal", "userip": "127.0.0.1", "loginTime": "2020-02-19T14:43:42.399Z", "logoutTime": "2020-02-19T17:54:26.023Z", "success": true}}, {"model": "user.userlog", "pk": 5, "fields": {"uid": 1, "user_name": "tithi123", "userip": "127.0.0.1", "loginTime": "2020-02-19T16:05:04.472Z", "logoutTime": "2020-02-19T16:05:55.912Z", "success": true}}, {"model": "user.userlog", "pk": 6, "fields": {"uid": 4, "user_name": "paresh_panchal", "userip": "127.0.0.1", "loginTime": "2020-02-20T04:23:02.478Z", "logoutTime": "2020-02-20T04:23:30.214Z", "success": true}}, {"model": "user.userlog", "pk": 7, "fields": {"uid": 4, "user_name": "paresh_panchal", "userip": "127.0.0.1", "loginTime": "2020-02-20T14:49:52.894Z", "logoutTime": "2020-02-20T14:50:11.698Z", "success": true}}, {"model": "user.userlog", "pk": 8, "fields": {"uid": 4, "user_name": "paresh_panchal", "userip": "127.0.0.1", "loginTime": "2020-02-20T15:23:29.933Z", "logoutTime": null, "success": false}}, {"model": "user.userlog", "pk": 9, "fields": {"uid": 4, "user_name": "paresh_panchal", "userip": "127.0.0.1", "loginTime": "2020-02-20T21:16:32.082Z", "logoutTime": null, "success": false}}, {"model": "user.userlog", "pk": 10, "fields": {"uid": 4, "user_name": "paresh_panchal", "userip": "127.0.0.1", "loginTime": "2020-02-21T12:00:48.960Z", "logoutTime": null, "success": false}}, {"model": "user.userlog", "pk": 11, "fields": {"uid": 4, "user_name": "paresh_panchal", "userip": "127.0.0.1", "loginTime": "2020-02-21T15:37:51.892Z", "logoutTime": "2020-02-22T22:50:58.543Z", "success": true}}, {"model": "user.userlog", "pk": 12, "fields": {"uid": 4, "user_name": "paresh_panchal", "userip": "127.0.0.1", "loginTime": "2020-02-24T11:47:59.840Z", "logoutTime": null, "success": false}}, {"model": "user.userlog", "pk": 13, "fields": {"uid": 4, "user_name": "paresh_panchal", "userip": "127.0.0.1", "loginTime": "2020-02-25T11:31:36.506Z", "logoutTime": "2020-02-25T11:32:12.003Z", "success": true}}, {"model": "user.userlog", "pk": 14, "fields": {"uid": 4, "user_name": "paresh_panchal", "userip": "127.0.0.1", "loginTime": "2020-02-25T13:43:10.473Z", "logoutTime": "2020-02-25T13:43:55.033Z", "success": true}}, {"model": "user.userlog", "pk": 15, "fields": {"uid": 4, "user_name": "paresh_panchal", "userip": "127.0.0.1", "loginTime": "2020-02-25T13:46:40.657Z", "logoutTime": null, "success": false}}, {"model": "user.userlog", "pk": 16, "fields": {"uid": 5, "user_name": "samin_manin", "userip": "127.0.0.1", "loginTime": "2020-02-25T14:09:10.541Z", "logoutTime": "2020-02-25T14:09:27.376Z", "success": true}}, {"model": "user.userlog", "pk": 17, "fields": {"uid": 5, "user_name": "samin_manin", "userip": "127.0.0.1", "loginTime": "2020-02-25T14:09:36.417Z", "logoutTime": null, "success": false}}, {"model": "user.userlog", "pk": 18, "fields": {"uid": 4, "user_name": "paresh_panchal", "userip": "127.0.0.1", "loginTime": "2020-02-25T15:51:27.446Z", "logoutTime": "2020-02-25T15:53:59.957Z", "success": true}}, {"model": "user.userlog", "pk": 19, "fields": {"uid": 5, "user_name": "samin_manin", "userip": "127.0.0.1", "loginTime": "2020-02-25T16:12:50.827Z", "logoutTime": "2020-02-25T16:35:21.994Z", "success": true}}, {"model": "user.userlog", "pk": 20, "fields": {"uid": 4, "user_name": "paresh_panchal", "userip": "127.0.0.1", "loginTime": "2020-02-26T19:21:06.128Z", "logoutTime": null, "success": false}}, {"model": "user.userlog", "pk": 21, "fields": {"uid": 1, "user_name": "tithi123", "userip": "127.0.0.1", "loginTime": "2020-02-26T20:05:40.091Z", "logoutTime": "2020-02-26T20:47:01.177Z", "success": true}}, {"model": "user.userlog", "pk": 22, "fields": {"uid": 6, "user_name": "hazim_muzana", "userip": "127.0.0.1", "loginTime": "2020-02-26T21:16:19.312Z", "logoutTime": "2020-02-26T22:13:28.397Z", "success": true}}, {"model": "user.userlog", "pk": 23, "fields": {"uid": 4, "user_name": "paresh_panchal", "userip": "127.0.0.1", "loginTime": "2020-02-26T22:13:44.793Z", "logoutTime": "2020-02-26T22:44:00.473Z", "success": true}}, {"model": "user.userlog", "pk": 24, "fields": {"uid": 6, "user_name": "hazim_muzana", "userip": "127.0.0.1", "loginTime": "2020-02-27T06:50:19.799Z", "logoutTime": "2020-02-27T06:51:57.600Z", "success": true}}, {"model": "user.userlog", "pk": 25, "fields": {"uid": 4, "user_name": "paresh_panchal", "userip": "127.0.0.1", "loginTime": "2020-02-27T06:52:09.921Z", "logoutTime": null, "success": false}}, {"model": "user.userlog", "pk": 26, "fields": {"uid": 4, "user_name": "paresh_panchal", "userip": "127.0.0.1", "loginTime": "2020-02-27T11:46:09.565Z", "logoutTime": null, "success": false}}, {"model": "user.userlog", "pk": 27, "fields": {"uid": 6, "user_name": "hazim_muzana", "userip": "127.0.0.1", "loginTime": "2020-02-27T12:44:54.125Z", "logoutTime": null, "success": false}}, {"model": "user.userlog", "pk": 28, "fields": {"uid": 5, "user_name": "samin_manin", "userip": "127.0.0.1", "loginTime": "2020-02-27T13:06:44.461Z", "logoutTime": "2020-02-27T14:37:09.912Z", "success": true}}, {"model": "user.userlog", "pk": 29, "fields": {"uid": 4, "user_name": "paresh_panchal", "userip": "127.0.0.1", "loginTime": "2020-02-27T14:53:15.474Z", "logoutTime": null, "success": false}}, {"model": "user.userlog", "pk": 30, "fields": {"uid": 4, "user_name": "paresh_panchal", "userip": "127.0.0.1", "loginTime": "2020-02-27T16:36:43.099Z", "logoutTime": null, "success": false}}, {"model": "user.userlog", "pk": 31, "fields": {"uid": 4, "user_name": "paresh_panchal", "userip": "127.0.0.1", "loginTime": "2020-02-27T19:56:16.973Z", "logoutTime": "2020-02-27T20:35:49.196Z", "success": true}}, {"model": "user.userlog", "pk": 32, "fields": {"uid": 4, "user_name": "paresh_panchal", "userip": "127.0.0.1", "loginTime": "2020-02-27T20:38:17.284Z", "logoutTime": null, "success": false}}, {"model": "user.userlog", "pk": 33, "fields": {"uid": 5, "user_name": "samin_manin", "userip": "127.0.0.1", "loginTime": "2020-02-28T06:34:26.035Z", "logoutTime": null, "success": false}}, {"model": "user.user", "pk": 1, "fields": {"firstname": "Kavil", "lastname": "Parikh", "gender": "M", "created_at": "2020-02-19T07:12:56.046Z", "updated_at": "2020-02-19T07:12:56.046Z", "user_name": "tithi123", "country": "India", "state": "Gujarat", "district": "Ahmedabad", "city": "Ahmadabad City", "area": "Gheekanta Road", "society": "Jagabhai", "landmark": "Kankaria", "house_no": "403", "pincode": 380001, "blood_group": "O+", "aadhar_card_no": "123456789", "dateofBirth": "1999-10-01", "phone_number": "9898780779", "email": "tithi@gmail.com", "password": "kavil123", "user_photo": "pictures/user/user_img/about-bg-1.jpg", "User_progress": "1", "User_otp": "5906", "User_otp_created": "2020-02-24T08:23:21.198Z"}}, {"model": "user.user", "pk": 2, "fields": {"firstname": "Tithi", "lastname": "Patel", "gender": "M", "created_at": "2020-02-19T08:18:50.665Z", "updated_at": "2020-02-19T08:18:50.665Z", "user_name": "tithii_patel", "country": "India", "state": "Gujarat", "district": "Ahmedabad", "city": "Ahmadabad City", "area": "Raipur (Ahmedabad)", "society": "Jagabhai", "landmark": "Kankaria", "house_no": "12345", "pincode": 380001, "blood_group": "O+", "aadhar_card_no": "123456789", "dateofBirth": "2020-01-28", "phone_number": "9898780779", "email": "kavilparikh4@gmail.com", "password": "kavil123", "user_photo": "pictures/user/user_img/annie-spratt-294450-unsplash-600x333.jpg", "User_progress": "1", "User_otp": "9722", "User_otp_created": null}}, {"model": "user.user", "pk": 3, "fields": {"firstname": "Tithi", "lastname": "Patel", "gender": "M", "created_at": "2020-02-19T08:24:29.110Z", "updated_at": "2020-02-19T08:24:29.110Z", "user_name": "tithii_patel_2", "country": "India", "state": "Gujarat", "district": "Ahmedabad", "city": "Ahmadabad City", "area": "Khanpur (Ahmedabad)", "society": "Jagabhai", "landmark": "Kankaria", "house_no": "12345", "pincode": 380001, "blood_group": "O+", "aadhar_card_no": "123456789", "dateofBirth": "2020-01-28", "phone_number": "9898780779", "email": "kavilparikh@gmail.com", "password": "kavil123", "user_photo": "pictures/user/user_img/annie-spratt-294450-unsplash-600x333_v1n1mPN.jpg", "User_progress": "0", "User_otp": "0481", "User_otp_created": "2020-02-24T08:56:40.247Z"}}, {"model": "user.user", "pk": 4, "fields": {"firstname": "Paresh", "lastname": "Patel", "gender": "M", "created_at": "2020-02-19T14:09:21.447Z", "updated_at": "2020-02-19T17:33:42.306Z", "user_name": "paresh_panchal", "country": "India", "state": "Gujarat", "district": "Ahmedabad", "city": "Ahmadabad City", "area": "Saraspur", "society": "Jagabhai", "landmark": "Kankaria", "house_no": "1234", "pincode": 380018, "blood_group": "O+", "aadhar_card_no": "123456789", "dateofBirth": "2020-02-01", "phone_number": "+919099096501", "email": "parikh.kavil.14@ldce.ac.in", "password": "kavil123", "user_photo": "pictures/user/user_img/about-bg-1_lvS54ly.jpg", "User_progress": "1", "User_otp": null, "User_otp_created": "2020-02-28T04:09:49.803Z"}}, {"model": "user.user", "pk": 5, "fields": {"firstname": "Samin", "lastname": "Momin", "gender": "M", "created_at": "2020-02-25T14:00:41.444Z", "updated_at": "2020-02-25T14:00:41.444Z", "user_name": "samin_manin", "country": "India", "state": "Gujarat", "district": "Ahmedabad", "city": "Ahmadabad City", "area": "I I M", "society": "Ahmedabad", "landmark": "Ahmedabad", "house_no": "Ahmedabad", "pincode": 380015, "blood_group": "O+", "aadhar_card_no": "1234596789", "dateofBirth": "2000-01-12", "phone_number": "+919099096501", "email": "rahul.hmt777@gmail.com", "password": "kavil123", "user_photo": "pictures/user/user_img/doctor.jpg", "User_progress": "1", "User_otp": null, "User_otp_created": "2020-02-28T09:15:58.182Z"}}, {"model": "user.user", "pk": 6, "fields": {"firstname": "Hazim", "lastname": "Patel", "gender": "M", "created_at": "2020-02-26T20:51:56.239Z", "updated_at": "2020-02-26T21:39:54.538Z", "user_name": "hazim_muzana", "country": "India", "state": "Gujarat", "district": "Ahmedabad", "city": "Ahmadabad City", "area": "Municipal Corporation", "society": "Ahmedabad", "landmark": "Ahmedabad", "house_no": "Maninagar", "pincode": 380001, "blood_group": "O+", "aadhar_card_no": "123459678912", "dateofBirth": "1999-10-01", "phone_number": "+919099096501", "email": "kavktshah@gmail.com", "password": "kavil123", "user_photo": "pictures/user/user_img/doctor_-_Copy_FBVPwp9.jpg", "User_progress": "1", "User_otp": "1700", "User_otp_created": null}}, {"model": "user.user_fb", "pk": 1, "fields": {"uid": 1, "user_name": "tithi123", "created_at": "2020-02-26T20:30:20.763Z", "content": "<p>eee</p>", "subject": "text"}}, {"model": "user.user_contacts", "pk": 3, "fields": {"user": 4, "name": "Kavil", "email": "kavilparikhhonor@gmail.com", "phone_number": "9898780779", "address": "405,Ahmedabad", "phone_number_2": "9099096501", "relationship": "PR"}}, {"model": "user.user_contacts", "pk": 5, "fields": {"user": 4, "name": "Kavil", "email": "kavilparikhhonor@gmail.com", "phone_number": "9898780779", "address": "405,Ahmedabad", "phone_number_2": "9099096501", "relationship": "PR"}}, {"model": "user.user_contacts", "pk": 7, "fields": {"user": 5, "name": "shafun", "email": "kavilparikhhonor@gmail.com", "phone_number": "9898780779", "address": "dsadasdasdas", "phone_number_2": "+919099096501", "relationship": "PR"}}, {"model": "user.user_medical", "pk": 3, "fields": {"user": 4, "height": 160, "weight": 50, "martial_s": "S", "disability_status": true, "disability_type": "OT", "disability_other": "UUUU", "pregnency": true, "vision": "0", "alcohol": "0", "smoking": "0", "drugs": "0", "color_vison": "0", "masturbating": "1", "other_imp_details": null, "other_details": "Yes", "updated_at": "2020-02-27T14:53:36.489Z"}}, {"model": "user.user_medical", "pk": 5, "fields": {"user": 5, "height": 166, "weight": 56, "martial_s": "S", "disability_status": false, "disability_type": "OT", "disability_other": "", "pregnency": false, "vision": "3", "alcohol": "4", "smoking": "4", "drugs": "4", "color_vison": "3", "masturbating": "4", "other_imp_details": null, "other_details": "", "updated_at": "2020-02-28T06:48:29.578Z"}}, {"model": "user.user_surgery", "pk": 1, "fields": {"user": 4, "surgery_type": "aa", "surgery_description": "aa", "dateofSurgery": "2020-02-01", "surgery_file": "documents/user/surgery/6_7_18_009.jpg", "hospital_name": "aa", "hospital_location": "aa"}}, {"model": "user.user_surgery", "pk": 3, "fields": {"user": 1, "surgery_type": "Kavil", "surgery_description": "aaaa", "dateofSurgery": "2020-02-12", "surgery_file": "documents/user/surgery/b2.jpg", "hospital_name": "aaa", "hospital_location": "aaa"}}, {"model": "user.user_surgery", "pk": 4, "fields": {"user": 1, "surgery_type": "Kavil", "surgery_description": "aaaa", "dateofSurgery": "2020-02-12", "surgery_file": "documents/user/surgery/b2_n4NasaQ.jpg", "hospital_name": "aaa", "hospital_location": "aaa"}}, {"model": "user.user_doctor_case", "pk": 13, "fields": {"user": 4, "symptoms": "[\"1\"]", "general_notes": "KavilParikh 1 ", "diseases": "[\"4\"]", "is_accidental": true, "injury_type": "[\"2\"]", "is_closed": true}}, {"model": "user.user_doctor_case", "pk": 14, "fields": {"user": 4, "symptoms": "[\"1\",\"2\",\"4\"]", "general_notes": "Take Care", "diseases": "[\"2\",\"4\"]", "is_accidental": true, "injury_type": "[\"1\",\"2\"]", "is_closed": true}}, {"model": "user.user_doctor_case", "pk": 17, "fields": {"user": 4, "symptoms": "[\"2\",\"7\"]", "general_notes": "aa", "diseases": "[\"1\"]", "is_accidental": false, "injury_type": "[]", "is_closed": true}}, {"model": "user.user_doctor_case", "pk": 18, "fields": {"user": 4, "symptoms": null, "general_notes": null, "diseases": null, "is_accidental": false, "injury_type": null, "is_closed": null}}, {"model": "user.user_doctor_case", "pk": 19, "fields": {"user": 4, "symptoms": null, "general_notes": null, "diseases": null, "is_accidental": false, "injury_type": null, "is_closed": null}}, {"model": "user.user_doctor_case", "pk": 20, "fields": {"user": 4, "symptoms": null, "general_notes": null, "diseases": null, "is_accidental": false, "injury_type": null, "is_closed": null}}, {"model": "user.user_doctor_case", "pk": 21, "fields": {"user": 5, "symptoms": "[\"1\"]", "general_notes": "He is physically very weak.", "diseases": "[\"4\"]", "is_accidental": true, "injury_type": "[\"1\"]", "is_closed": true}}, {"model": "user.user_doctor_case", "pk": 22, "fields": {"user": 5, "symptoms": "[\"7\"]", "general_notes": "asfd", "diseases": "[\"1\"]", "is_accidental": false, "injury_type": "[\"2\"]", "is_closed": true}}, {"model": "user.user_doctor_case", "pk": 23, "fields": {"user": 5, "symptoms": "[\"8\"]", "general_notes": "asdfgh", "diseases": "[\"5\"]", "is_accidental": false, "injury_type": "[\"2\"]", "is_closed": true}}, {"model": "user.user_doctor_consultancy", "pk": 12, "fields": {"user_case": 13, "doctor": 1, "loginTime": "2020-02-25T19:22:24.645Z", "logoutTime": "2020-02-25T19:23:38.162Z", "success": true, "symptoms": "[\"1\",\"2\"]", "personal_notes": "Take Care. 2", "general_notes": "Take Care.", "diseases": "[\"1\",\"5\"]", "is_accidental": true, "injury_type": "[\"1\"]"}}, {"model": "user.user_doctor_consultancy", "pk": 13, "fields": {"user_case": 14, "doctor": 1, "loginTime": "2020-02-25T19:28:00.130Z", "logoutTime": "2020-02-25T19:33:10.460Z", "success": true, "symptoms": "[\"1\",\"2\",\"4\"]", "personal_notes": "Take Care 2", "general_notes": "Take Care", "diseases": "[\"2\",\"4\"]", "is_accidental": true, "injury_type": "[\"1\",\"2\"]"}}, {"model": "user.user_doctor_consultancy", "pk": 16, "fields": {"user_case": 13, "doctor": 1, "loginTime": "2020-02-25T19:22:24.645Z", "logoutTime": "2020-02-25T19:23:38.162Z", "success": true, "symptoms": "[\"1\",\"2\"]", "personal_notes": "Take Care. 2", "general_notes": "Take Care.", "diseases": "[\"1\",\"5\"]", "is_accidental": true, "injury_type": "[\"1\"]"}}, {"model": "user.user_doctor_consultancy", "pk": 19, "fields": {"user_case": 17, "doctor": 1, "loginTime": "2020-02-26T05:40:46.582Z", "logoutTime": "2020-02-26T05:41:33.680Z", "success": true, "symptoms": "[\"2\",\"7\"]", "personal_notes": "aaa", "general_notes": "aa", "diseases": "[\"1\"]", "is_accidental": false, "injury_type": "[]"}}, {"model": "user.user_doctor_consultancy", "pk": 20, "fields": {"user_case": 13, "doctor": 1, "loginTime": "2020-02-26T06:04:39.369Z", "logoutTime": "2020-02-26T08:25:41.528Z", "success": true, "symptoms": "[\"7\"]", "personal_notes": "no personal notes", "general_notes": "No gen notes", "diseases": "[\"3\"]", "is_accidental": true, "injury_type": "[\"1\"]"}}, {"model": "user.user_doctor_consultancy", "pk": 21, "fields": {"user_case": 13, "doctor": 1, "loginTime": "2020-02-26T08:44:06.215Z", "logoutTime": "2020-02-26T12:58:26.877Z", "success": true, "symptoms": "[\"1\"]", "personal_notes": "KavilParikh 3", "general_notes": "KavilParikh 1 ", "diseases": "[\"4\"]", "is_accidental": true, "injury_type": "[\"2\"]"}}, {"model": "user.user_doctor_consultancy", "pk": 22, "fields": {"user_case": 13, "doctor": 2, "loginTime": "2020-02-26T18:01:01.186Z", "logoutTime": null, "success": false, "symptoms": null, "personal_notes": null, "general_notes": null, "diseases": null, "is_accidental": false, "injury_type": null}}, {"model": "user.user_doctor_consultancy", "pk": 23, "fields": {"user_case": 18, "doctor": 1, "loginTime": "2020-02-26T21:54:04.511Z", "logoutTime": null, "success": false, "symptoms": null, "personal_notes": null, "general_notes": null, "diseases": null, "is_accidental": false, "injury_type": null}}, {"model": "user.user_doctor_consultancy", "pk": 24, "fields": {"user_case": 19, "doctor": 3, "loginTime": "2020-02-27T06:38:50.984Z", "logoutTime": null, "success": false, "symptoms": null, "personal_notes": null, "general_notes": null, "diseases": null, "is_accidental": false, "injury_type": null}}, {"model": "user.user_doctor_consultancy", "pk": 25, "fields": {"user_case": 13, "doctor": 3, "loginTime": "2020-02-27T06:41:11.288Z", "logoutTime": null, "success": false, "symptoms": null, "personal_notes": null, "general_notes": null, "diseases": null, "is_accidental": false, "injury_type": null}}, {"model": "user.user_doctor_consultancy", "pk": 26, "fields": {"user_case": 20, "doctor": 1, "loginTime": "2020-02-27T15:06:01.339Z", "logoutTime": null, "success": false, "symptoms": null, "personal_notes": null, "general_notes": null, "diseases": null, "is_accidental": false, "injury_type": null}}, {"model": "user.user_doctor_consultancy", "pk": 27, "fields": {"user_case": 13, "doctor": 2, "loginTime": "2020-02-27T19:54:48.822Z", "logoutTime": null, "success": false, "symptoms": null, "personal_notes": null, "general_notes": null, "diseases": null, "is_accidental": false, "injury_type": null}}, {"model": "user.user_doctor_consultancy", "pk": 28, "fields": {"user_case": 21, "doctor": 3, "loginTime": "2020-02-28T06:43:37.572Z", "logoutTime": "2020-02-28T06:47:18.726Z", "success": true, "symptoms": "[\"1\"]", "personal_notes": "Eats lots of fruits and drink more fluids.", "general_notes": "He is physically very weak.", "diseases": "[\"4\"]", "is_accidental": true, "injury_type": "[\"1\"]"}}, {"model": "user.user_doctor_consultancy", "pk": 29, "fields": {"user_case": 22, "doctor": 3, "loginTime": "2020-02-28T07:07:58.300Z", "logoutTime": "2020-02-28T07:08:55.710Z", "success": true, "symptoms": "[\"7\"]", "personal_notes": "wqsdvc", "general_notes": "asfd", "diseases": "[\"1\"]", "is_accidental": false, "injury_type": "[\"2\"]"}}, {"model": "user.user_doctor_consultancy", "pk": 30, "fields": {"user_case": 23, "doctor": 3, "loginTime": "2020-02-28T09:02:01.694Z", "logoutTime": "2020-02-28T09:05:28.160Z", "success": true, "symptoms": "[\"8\"]", "personal_notes": "sadfgh", "general_notes": "asdfgh", "diseases": "[\"5\"]", "is_accidental": false, "injury_type": "[\"2\"]"}}, {"model": "user.user_medicine", "pk": 1, "fields": {"use_consult": 20, "medicine_name": "LEMOLET 250mg", "dosage": "2 times a day", "quantity": "30 units", "is_delivered": true}}, {"model": "user.user_medicine", "pk": 2, "fields": {"use_consult": 20, "medicine_name": "LEMOLET 250mg", "dosage": "2 times a day", "quantity": "30 units", "is_delivered": true}}, {"model": "user.user_medicine", "pk": 3, "fields": {"use_consult": 20, "medicine_name": "Mentat 250 mg", "dosage": "3 times a day", "quantity": "40 units", "is_delivered": true}}, {"model": "user.user_medicine", "pk": 4, "fields": {"use_consult": 21, "medicine_name": "a", "dosage": "a", "quantity": "aa", "is_delivered": false}}, {"model": "user.user_medicine", "pk": 5, "fields": {"use_consult": 28, "medicine_name": "Combiflame", "dosage": "3 times a day", "quantity": "1", "is_delivered": true}}, {"model": "user.user_medicine", "pk": 6, "fields": {"use_consult": 29, "medicine_name": "d_coldtotal", "dosage": "2", "quantity": "2", "is_delivered": true}}, {"model": "user.user_medicine", "pk": 7, "fields": {"use_consult": 30, "medicine_name": "paracitamoline", "dosage": "2", "quantity": "1/2", "is_delivered": false}}, {"model": "user.user_medicine_own", "pk": 1, "fields": {"user": 4, "medicine_name": "LEMOLET 250mg", "dosage": "2 times a day", "quantity": "30 units"}}, {"model": "user.user_medicine_own", "pk": 3, "fields": {"user": 4, "medicine_name": "Mentat 250 mg", "dosage": "3 times a day", "quantity": "40 units"}}, {"model": "user.user_medicine_own", "pk": 4, "fields": {"user": 4, "medicine_name": "a", "dosage": "a", "quantity": "aa"}}, {"model": "user.user_medicine_own", "pk": 5, "fields": {"user": 5, "medicine_name": "Combiflame", "dosage": "3 times a day", "quantity": "1"}}, {"model": "user.user_medicine_own", "pk": 6, "fields": {"user": 5, "medicine_name": "d_coldtotal", "dosage": "2", "quantity": "2"}}, {"model": "user.user_medicine_own", "pk": 7, "fields": {"user": 5, "medicine_name": "paracitamoline", "dosage": "2", "quantity": "1/2"}}, {"model": "user.user_reports", "pk": 1, "fields": {"user_case": 13, "name": "KavilParikh", "doctor": 1, "ref_date": "2020-02-26T12:58:26.542Z", "deliv_date": "2020-02-28T00:53:44.349Z", "is_delivered": false, "lab_desc": "aa"}}, {"model": "user.user_reports", "pk": 2, "fields": {"user_case": 13, "name": "KavilParikh 2", "doctor": 1, "ref_date": "2020-02-26T12:58:26.719Z", "deliv_date": "2020-02-28T00:54:45.853Z", "is_delivered": false, "lab_desc": "aaa"}}, {"model": "user.user_reports", "pk": 3, "fields": {"user_case": 21, "name": "blood test", "doctor": 3, "ref_date": "2020-02-28T06:47:18.650Z", "deliv_date": "2020-02-28T06:52:39.122Z", "is_delivered": true, "lab_desc": "Positive"}}, {"model": "user.user_reports", "pk": 4, "fields": {"user_case": 22, "name": "", "doctor": 3, "ref_date": "2020-02-28T07:08:55.632Z", "deliv_date": "2020-02-28T07:10:40.774Z", "is_delivered": true, "lab_desc": "fdghjhkjkhgfd"}}, {"model": "user.user_reports", "pk": 5, "fields": {"user_case": 23, "name": "blood", "doctor": 3, "ref_date": "2020-02-28T09:05:28.082Z", "deliv_date": "2020-02-28T09:06:20.287Z", "is_delivered": true, "lab_desc": "qwdfvbnjgfdcxswefghj"}}, {"model": "user.lab_report_files", "pk": 1, "fields": {"user_report": 2, "lab_files": "documents/user/lab_reports/a.txt"}}, {"model": "user.lab_report_files", "pk": 2, "fields": {"user_report": 2, "lab_files": "documents/user/lab_reports/a.txt"}}, {"model": "user.lab_report_files", "pk": 3, "fields": {"user_report": 1, "lab_files": "documents/user/lab_reports/b1.jpg"}}, {"model": "user.lab_report_files", "pk": 4, "fields": {"user_report": 2, "lab_files": "documents/user/lab_reports/doctor.jpg"}}, {"model": "user.lab_report_files", "pk": 5, "fields": {"user_report": 3, "lab_files": "documents/user/lab_reports/health3.jpg"}}, {"model": "user.lab_report_files", "pk": 6, "fields": {"user_report": 4, "lab_files": "documents/user/lab_reports/health12.jpg"}}, {"model": "user.lab_report_files", "pk": 7, "fields": {"user_report": 5, "lab_files": "documents/user/lab_reports/health37.jpg"}}, {"model": "captcha.captchastore", "pk": 1020, "fields": {"challenge": "3+2=", "response": "5", "hashkey": "9b10abe1727062b1f8a8b4035706fffc1a2a9abe", "expiration": "2020-02-28T03:58:12.382Z"}}, {"model": "superadmin.superadminlog", "pk": 1, "fields": {"uid": 2, "user_name": "kavilparikh", "userip": "127.0.0.1", "loginTime": "2020-02-19T18:38:55.177Z", "logoutTime": "2020-02-19T18:50:03.612Z", "success": true}}, {"model": "superadmin.superadminlog", "pk": 2, "fields": {"uid": 2, "user_name": "kavilparikh", "userip": "127.0.0.1", "loginTime": "2020-02-19T18:54:20.498Z", "logoutTime": "2020-02-19T18:54:28.204Z", "success": true}}, {"model": "superadmin.superadminlog", "pk": 3, "fields": {"uid": 2, "user_name": "kavilparikh", "userip": "127.0.0.1", "loginTime": "2020-02-19T19:07:37.236Z", "logoutTime": null, "success": false}}, {"model": "superadmin.superadminlog", "pk": 4, "fields": {"uid": 2, "user_name": "kavilparikh", "userip": "127.0.0.1", "loginTime": "2020-02-19T19:20:12.293Z", "logoutTime": "2020-02-19T19:23:35.887Z", "success": true}}, {"model": "superadmin.superadminlog", "pk": 5, "fields": {"uid": 2, "user_name": "kavilparikh", "userip": "127.0.0.1", "loginTime": "2020-02-19T19:26:24.737Z", "logoutTime": "2020-02-19T19:28:59.605Z", "success": true}}, {"model": "superadmin.superadminlog", "pk": 6, "fields": {"uid": 2, "user_name": "kavilparikh", "userip": "127.0.0.1", "loginTime": "2020-02-20T04:29:06.134Z", "logoutTime": "2020-02-20T04:35:11.124Z", "success": true}}, {"model": "superadmin.superadminlog", "pk": 7, "fields": {"uid": 2, "user_name": "kavilparikh", "userip": "127.0.0.1", "loginTime": "2020-02-21T16:26:04.354Z", "logoutTime": null, "success": false}}, {"model": "superadmin.superadminlog", "pk": 8, "fields": {"uid": 2, "user_name": "kavilparikh", "userip": "127.0.0.1", "loginTime": "2020-02-26T14:46:24.865Z", "logoutTime": "2020-02-26T14:49:57.604Z", "success": true}}, {"model": "superadmin.superadminlog", "pk": 9, "fields": {"uid": 3, "user_name": "samin_momin", "userip": "127.0.0.1", "loginTime": "2020-02-26T15:00:01.127Z", "logoutTime": "2020-02-26T15:00:09.944Z", "success": true}}, {"model": "superadmin.superadminlog", "pk": 10, "fields": {"uid": 2, "user_name": "kavilparikh", "userip": "127.0.0.1", "loginTime": "2020-02-27T15:48:27.840Z", "logoutTime": null, "success": false}}, {"model": "superadmin.superadminlog", "pk": 11, "fields": {"uid": 2, "user_name": "kavilparikh", "userip": "127.0.0.1", "loginTime": "2020-02-27T18:24:22.356Z", "logoutTime": null, "success": false}}, {"model": "superadmin.superadminlog", "pk": 12, "fields": {"uid": 2, "user_name": "kavilparikh", "userip": "127.0.0.1", "loginTime": "2020-02-27T21:20:19.284Z", "logoutTime": "2020-02-27T21:48:35.828Z", "success": true}}, {"model": "superadmin.superadminlog", "pk": 13, "fields": {"uid": 2, "user_name": "kavilparikh", "userip": "127.0.0.1", "loginTime": "2020-02-28T05:45:04.171Z", "logoutTime": null, "success": false}}, {"model": "superadmin.superadminlog", "pk": 14, "fields": {"uid": 2, "user_name": "kavilparikh", "userip": "127.0.0.1", "loginTime": "2020-02-28T06:57:44.438Z", "logoutTime": null, "success": false}}, {"model": "superadmin.superadminlog", "pk": 15, "fields": {"uid": 3, "user_name": "samin_momin", "userip": "127.0.0.1", "loginTime": "2020-02-28T09:24:05.936Z", "logoutTime": null, "success": false}}, {"model": "superadmin.superadmin", "pk": 2, "fields": {"firstname": "Kavil", "lastname": "Parikh", "created_at": "2020-02-19T18:37:04.691Z", "updated_at": "2020-02-19T19:21:28.962Z", "user_name": "kavilparikh", "email": "kavktshah@gmail.com", "password": "kavil123", "user_photo": "pictures/superadmin/superadmin_img/annie-spratt-294450-unsplash-600x333.jpg", "User_progress": "1", "User_otp": "7350", "dateofBirth": "2020-02-01", "User_otp_created": null}}, {"model": "superadmin.superadmin", "pk": 3, "fields": {"firstname": "Samin", "lastname": "Momin", "created_at": "2020-02-26T14:52:11.252Z", "updated_at": "2020-02-26T14:52:11.252Z", "user_name": "samin_momin", "email": "parikh.kavil.14@ldce.ac.in", "password": "kavil123", "user_photo": "pictures/superadmin/superadmin_img/superadmin.png", "User_progress": "1", "User_otp": "2736", "dateofBirth": "1999-10-01", "User_otp_created": null}}, {"model": "doctor.doctorlog", "pk": 1, "fields": {"uid": 1, "user_name": "kavilparikh", "userip": "127.0.0.1", "loginTime": "2020-02-20T08:09:03.250Z", "logoutTime": null, "success": false}}, {"model": "doctor.doctorlog", "pk": 2, "fields": {"uid": 1, "user_name": "kavilparikh", "userip": "127.0.0.1", "loginTime": "2020-02-20T13:00:55.167Z", "logoutTime": null, "success": false}}, {"model": "doctor.doctorlog", "pk": 3, "fields": {"uid": 2, "user_name": "tithipatel", "userip": "127.0.0.1", "loginTime": "2020-02-20T14:51:36.469Z", "logoutTime": null, "success": false}}, {"model": "doctor.doctorlog", "pk": 4, "fields": {"uid": 2, "user_name": "tithipatel", "userip": "127.0.0.1", "loginTime": "2020-02-22T22:51:31.899Z", "logoutTime": null, "success": false}}, {"model": "doctor.doctorlog", "pk": 5, "fields": {"uid": 1, "user_name": "kavilparikh", "userip": "127.0.0.1", "loginTime": "2020-02-23T08:33:37.704Z", "logoutTime": null, "success": false}}, {"model": "doctor.doctorlog", "pk": 6, "fields": {"uid": 1, "user_name": "kavilparikh", "userip": "127.0.0.1", "loginTime": "2020-02-24T05:42:53.820Z", "logoutTime": null, "success": false}}, {"model": "doctor.doctorlog", "pk": 7, "fields": {"uid": 2, "user_name": "tithipatel", "userip": "127.0.0.1", "loginTime": "2020-02-25T11:44:23.655Z", "logoutTime": null, "success": false}}, {"model": "doctor.doctorlog", "pk": 8, "fields": {"uid": 2, "user_name": "tithipatel", "userip": "127.0.0.1", "loginTime": "2020-02-25T11:46:20.918Z", "logoutTime": null, "success": false}}, {"model": "doctor.doctorlog", "pk": 9, "fields": {"uid": 2, "user_name": "tithipatel", "userip": "127.0.0.1", "loginTime": "2020-02-25T14:21:21.885Z", "logoutTime": "2020-02-25T14:33:46.414Z", "success": true}}, {"model": "doctor.doctorlog", "pk": 10, "fields": {"uid": 1, "user_name": "kavilparikh", "userip": "127.0.0.1", "loginTime": "2020-02-25T14:34:49.332Z", "logoutTime": "2020-02-25T14:56:05.228Z", "success": true}}, {"model": "doctor.doctorlog", "pk": 11, "fields": {"uid": 1, "user_name": "kavilparikh", "userip": "127.0.0.1", "loginTime": "2020-02-25T14:57:42.824Z", "logoutTime": "2020-02-25T15:48:38.060Z", "success": true}}, {"model": "doctor.doctorlog", "pk": 12, "fields": {"uid": 2, "user_name": "tithipatel", "userip": "127.0.0.1", "loginTime": "2020-02-25T15:54:41.962Z", "logoutTime": null, "success": false}}, {"model": "doctor.doctorlog", "pk": 13, "fields": {"uid": 2, "user_name": "tithipatel", "userip": "127.0.0.1", "loginTime": "2020-02-25T16:05:01.329Z", "logoutTime": "2020-02-25T16:11:42.675Z", "success": true}}, {"model": "doctor.doctorlog", "pk": 14, "fields": {"uid": 1, "user_name": "kavilparikh", "userip": "127.0.0.1", "loginTime": "2020-02-25T16:11:57.391Z", "logoutTime": null, "success": false}}, {"model": "doctor.doctorlog", "pk": 15, "fields": {"uid": 1, "user_name": "kavilparikh", "userip": "127.0.0.1", "loginTime": "2020-02-25T19:19:50.179Z", "logoutTime": "2020-02-26T14:45:05.391Z", "success": true}}, {"model": "doctor.doctorlog", "pk": 16, "fields": {"uid": 2, "user_name": "tithipatel", "userip": "127.0.0.1", "loginTime": "2020-02-26T18:00:07.792Z", "logoutTime": "2020-02-26T19:38:05.170Z", "success": true}}, {"model": "doctor.doctorlog", "pk": 17, "fields": {"uid": 1, "user_name": "kavilparikh", "userip": "127.0.0.1", "loginTime": "2020-02-26T20:01:42.404Z", "logoutTime": null, "success": false}}, {"model": "doctor.doctorlog", "pk": 18, "fields": {"uid": 1, "user_name": "kavilparikh", "userip": "127.0.0.1", "loginTime": "2020-02-26T21:50:21.316Z", "logoutTime": null, "success": false}}, {"model": "doctor.doctorlog", "pk": 19, "fields": {"uid": 3, "user_name": "kena_shah", "userip": "127.0.0.1", "loginTime": "2020-02-27T05:38:28.649Z", "logoutTime": null, "success": false}}, {"model": "doctor.doctorlog", "pk": 20, "fields": {"uid": 1, "user_name": "kavilparikh", "userip": "127.0.0.1", "loginTime": "2020-02-27T06:55:30.144Z", "logoutTime": null, "success": false}}, {"model": "doctor.doctorlog", "pk": 21, "fields": {"uid": 1, "user_name": "kavilparikh", "userip": "127.0.0.1", "loginTime": "2020-02-27T14:37:38.827Z", "logoutTime": "2020-02-27T15:00:33.089Z", "success": true}}, {"model": "doctor.doctorlog", "pk": 22, "fields": {"uid": 1, "user_name": "kavilparikh", "userip": "127.0.0.1", "loginTime": "2020-02-27T15:03:17.762Z", "logoutTime": "2020-02-27T15:45:43.121Z", "success": true}}, {"model": "doctor.doctorlog", "pk": 23, "fields": {"uid": 2, "user_name": "tithipatel", "userip": "127.0.0.1", "loginTime": "2020-02-27T19:52:07.786Z", "logoutTime": null, "success": false}}, {"model": "doctor.doctorlog", "pk": 24, "fields": {"uid": 1, "user_name": "kavilparikh", "userip": "127.0.0.1", "loginTime": "2020-02-27T20:41:05.208Z", "logoutTime": null, "success": false}}, {"model": "doctor.doctorlog", "pk": 25, "fields": {"uid": 3, "user_name": "kena_shah", "userip": "127.0.0.1", "loginTime": "2020-02-28T06:36:27.332Z", "logoutTime": null, "success": false}}, {"model": "doctor.doctor", "pk": 1, "fields": {"firstname": "Kavil", "lastname": "Parikh", "gender": "M", "created_at": "2020-02-20T05:45:45.634Z", "updated_at": "2020-02-26T20:12:48.903Z", "user_name": "kavilparikh", "country": "India", "state": "Gujarat", "district": "Ahmedabad", "city": "Ahmadabad City", "area": "Gandhi Road (Ahmedabad)", "society": "Jagabhai", "landmark": "Kankaria", "house_no": "12345", "pincode": 380001, "blood_group": "O+", "aadhar_card_no": "123456789", "dateofBirth": "1999-10-01", "phone_number": "9898780779", "email": "kavktshah@gmail.com", "password": "kavil123", "user_photo": "pictures/doctor/doctor_img/about-bg-1.jpg", "doctor_specialization_level": "B", "doctor_degree_name": "Hemant", "doctor_license_no": "13246", "doctor_hospital_name": "Heena", "doctor_specialization_field": "1", "doctor_degree_cert": "pictures/doctor/doctor_degree_cert/about-building-1-800x132.jpg", "doctor_licencse_cert": "pictures/doctor/doctor_licencse_cert/austin-neill-247047-unsplash-400x534.jpg", "doctor_verified": true, "User_progress": "1", "User_otp": "3390", "User_otp_created": null}}, {"model": "doctor.doctor", "pk": 2, "fields": {"firstname": "Kavil", "lastname": "Parikh", "gender": "M", "created_at": "2020-02-20T12:50:11.119Z", "updated_at": "2020-02-20T12:50:11.119Z", "user_name": "tithipatel", "country": "India", "state": "Gujarat", "district": "Ahmedabad", "city": "Ahmadabad City", "area": "Azad Society", "society": "Ahmedabad", "landmark": "Ahmedabad", "house_no": "Ahmedabad", "pincode": 380015, "blood_group": "O+", "aadhar_card_no": "1234596789", "dateofBirth": "1999-10-01", "phone_number": "+919099096501", "email": "kavilparikhhonor@gmail.com", "password": "kavil123", "user_photo": "pictures/doctor/doctor_img/6_7_18_006.jpg", "doctor_specialization_level": "B", "doctor_degree_name": "MS", "doctor_license_no": "1234a", "doctor_hospital_name": "Kavil", "doctor_specialization_field": "kavil", "doctor_degree_cert": "pictures/doctor/doctor_degree_cert/6_7_18_007.jpg", "doctor_licencse_cert": "pictures/doctor/doctor_licencse_cert/6_7_18_013.jpg", "doctor_verified": true, "User_progress": "1", "User_otp": "4771", "User_otp_created": null}}, {"model": "doctor.doctor", "pk": 3, "fields": {"firstname": "Kena", "lastname": "Shah", "gender": "F", "created_at": "2020-02-27T05:32:47.610Z", "updated_at": "2020-02-27T06:06:45.029Z", "user_name": "kena_shah", "country": "India", "state": "Gujarat", "district": "Ahmedabad", "city": "Ahmadabad City", "area": "Maninagar", "society": "Maninagar", "landmark": "Kankaria", "house_no": "405", "pincode": 380008, "blood_group": "O+", "aadhar_card_no": "123456789012", "dateofBirth": "1999-10-01", "phone_number": "+919099096501", "email": "kavilparikh1@gmail.com", "password": "kavil123", "user_photo": "pictures/doctor/doctor_img/doctor_-_Copy.jpg", "doctor_specialization_level": "M", "doctor_degree_name": "MS", "doctor_license_no": "231232", "doctor_hospital_name": "LG Hospital", "doctor_specialization_field": "Opthamology", "doctor_degree_cert": "pictures/doctor/doctor_degree_cert/b1.jpg", "doctor_licencse_cert": "pictures/doctor/doctor_licencse_cert/b1.jpg", "doctor_verified": true, "User_progress": "1", "User_otp": "7448", "User_otp_created": null}}, {"model": "doctor.doctor_fb", "pk": 1, "fields": {"uid": 1, "user_name": "kavilparikh", "created_at": "2020-02-26T20:23:08.656Z", "content": "<p>Hii Everynody</p>\r\n<p>&nbsp;</p>", "subject": "Help"}}, {"model": "doctor.doctor_fb", "pk": 2, "fields": {"uid": 3, "user_name": "kena_shah", "created_at": "2020-02-27T05:47:26.763Z", "content": "<p>I need Help</p>", "subject": "Help"}}, {"model": "doctor.symptomcat", "pk": 1, "fields": {"name": "", "doctor": 1, "description": ""}}, {"model": "doctor.symptomcat", "pk": 2, "fields": {"name": "Head", "doctor": 1, "description": "Head related categories"}}, {"model": "doctor.symptomcat", "pk": 3, "fields": {"name": "Bhautik", "doctor": 1, "description": "He is a big fat bull."}}, {"model": "doctor.symptomcat", "pk": 4, "fields": {"name": "aa", "doctor": 1, "description": "aaaa"}}, {"model": "doctor.symptomcat", "pk": 5, "fields": {"name": "", "doctor": 1, "description": ""}}, {"model": "doctor.symptomcat", "pk": 6, "fields": {"name": "", "doctor": 1, "description": ""}}, {"model": "doctor.symptomcat", "pk": 7, "fields": {"name": "symptom cat 2", "doctor": 1, "description": "symptom cat 2"}}, {"model": "doctor.symptoms", "pk": 1, "fields": {"doctor": 1, "name": "Headache", "alternate_names": "Tauu", "Symptomcat": 2, "description": "adasdasdcascs"}}, {"model": "doctor.symptoms", "pk": 2, "fields": {"doctor": 1, "name": "asdasd", "alternate_names": "sadasd", "Symptomcat": 2, "description": "asdsad"}}, {"model": "doctor.symptoms", "pk": 3, "fields": {"doctor": 1, "name": "asdasdasdasd", "alternate_names": "sadasd", "Symptomcat": 2, "description": "assd"}}, {"model": "doctor.symptoms", "pk": 4, "fields": {"doctor": 1, "name": "asdasdasdasd", "alternate_names": "sadasd", "Symptomcat": 2, "description": "assd"}}, {"model": "doctor.symptoms", "pk": 5, "fields": {"doctor": 1, "name": "asdasdasdasd", "alternate_names": "sadasd", "Symptomcat": 2, "description": "assd"}}, {"model": "doctor.symptoms", "pk": 6, "fields": {"doctor": 1, "name": "asdasdasdasd", "alternate_names": "sadasd", "Symptomcat": 2, "description": "assd"}}, {"model": "doctor.symptoms", "pk": 7, "fields": {"doctor": 1, "name": "Headache", "alternate_names": "Tauu", "Symptomcat": 3, "description": "ffas"}}, {"model": "doctor.symptoms", "pk": 8, "fields": {"doctor": 3, "name": "Head Pain", "alternate_names": "Headache", "Symptomcat": 5, "description": "Patient feels like his/her head is goona explode"}}, {"model": "doctor.diseasecat", "pk": 1, "fields": {"name": "Mouth", "doctor": 1, "description": "Mouth related Diseases"}}, {"model": "doctor.diseasecat", "pk": 2, "fields": {"name": "Diseasecat2", "doctor": 1, "description": "Diseasecat2 desc"}}, {"model": "doctor.diseases", "pk": 1, "fields": {"doctor": 1, "name": "Malaria", "alternate_names": "", "DiseaseCat": 1, "description": "None", "disease_intensity": "Ordinary"}}, {"model": "doctor.diseases", "pk": 2, "fields": {"doctor": 1, "name": "Malaria", "alternate_names": "", "DiseaseCat": 1, "description": "None", "disease_intensity": "Ordinary"}}, {"model": "doctor.diseases", "pk": 3, "fields": {"doctor": 1, "name": "Malaria", "alternate_names": "Mauu", "DiseaseCat": 2, "description": "None", "disease_intensity": "Ordinary"}}, {"model": "doctor.diseases", "pk": 4, "fields": {"doctor": 1, "name": "Malaria", "alternate_names": "Mauu", "DiseaseCat": 2, "description": "Kavil", "disease_intensity": "Communicable"}}, {"model": "doctor.diseases", "pk": 5, "fields": {"doctor": 2, "name": "Jaundice", "alternate_names": "Alt names", "DiseaseCat": 2, "description": "Jaundice desc", "disease_intensity": "Ordinary"}}, {"model": "doctor.injury", "pk": 1, "fields": {"doctor": 1, "description": "kd;alk;sld", "name": "Inj1", "alternate_names": "ing1", "disease_intensity": "Ordinary"}}, {"model": "doctor.injury", "pk": 2, "fields": {"doctor": 1, "description": "Inj 2 Description", "name": "Inj2", "alternate_names": "inj2 alternate", "disease_intensity": "Life_threatning"}}, {"model": "lab.lablog", "pk": 1, "fields": {"uid": 1, "user_name": "kavilparikh", "userip": "127.0.0.1", "loginTime": "2020-02-26T16:23:16.121Z", "logoutTime": null, "success": false}}, {"model": "lab.lablog", "pk": 2, "fields": {"uid": 1, "user_name": "kavilparikh", "userip": "127.0.0.1", "loginTime": "2020-02-27T17:19:33.412Z", "logoutTime": "2020-02-27T17:28:05.418Z", "success": true}}, {"model": "lab.lablog", "pk": 3, "fields": {"uid": 1, "user_name": "kavilparikh", "userip": "127.0.0.1", "loginTime": "2020-02-27T17:31:48.167Z", "logoutTime": "2020-02-27T17:56:06.391Z", "success": true}}, {"model": "lab.lablog", "pk": 4, "fields": {"uid": 1, "user_name": "kavilparikh", "userip": "127.0.0.1", "loginTime": "2020-02-27T18:22:34.161Z", "logoutTime": null, "success": false}}, {"model": "lab.lablog", "pk": 5, "fields": {"uid": 1, "user_name": "kavilparikh", "userip": "127.0.0.1", "loginTime": "2020-02-27T22:02:09.613Z", "logoutTime": null, "success": false}}, {"model": "lab.lablog", "pk": 6, "fields": {"uid": 1, "user_name": "kavilparikh", "userip": "127.0.0.1", "loginTime": "2020-02-28T02:42:07.839Z", "logoutTime": "2020-02-28T03:03:18.183Z", "success": true}}, {"model": "lab.lablog", "pk": 7, "fields": {"uid": 1, "user_name": "kavilparikh", "userip": "127.0.0.1", "loginTime": "2020-02-28T04:09:23.358Z", "logoutTime": null, "success": false}}, {"model": "lab.lablog", "pk": 8, "fields": {"uid": 1, "user_name": "kavilparikh", "userip": "127.0.0.1", "loginTime": "2020-02-28T06:50:07.619Z", "logoutTime": "2020-02-28T09:13:48.764Z", "success": true}}, {"model": "lab.lab", "pk": 1, "fields": {"lab_name": "Samin Labs", "created_at": "2020-02-26T16:09:48.880Z", "updated_at": "2020-02-27T18:22:25.771Z", "user_name": "kavilparikh", "email": "kavilparikhhonor@gmail.com", "password": "kavil123", "user_photo": "pictures/lab/lab_img/superadmin.png", "cert_image": "pictures/lab/cert_image/superadmin.png", "User_progress": "1", "User_otp": "3865", "User_otp_created": null, "lab_address": "405,lakjslkdajslkds", "lab_contact_number": "+919099096501", "lab_verified": true}}, {"model": "lab.lab_fb", "pk": 1, "fields": {"uid": 1, "user_name": "kavilparikh", "created_at": "2020-02-27T18:33:07.819Z", "content": "lkajldkas", "subject": "Kajjlakdkl"}}, {"model": "lab.lab_rec", "pk": 1, "fields": {"user_report": 1, "pathologist": 1, "status": false}}, {"model": "lab.lab_rec", "pk": 2, "fields": {"user_report": 1, "pathologist": 1, "status": false}}, {"model": "lab.lab_rec", "pk": 3, "fields": {"user_report": 1, "pathologist": 1, "status": false}}, {"model": "lab.lab_rec", "pk": 4, "fields": {"user_report": 3, "pathologist": 1, "status": true}}, {"model": "lab.lab_rec", "pk": 5, "fields": {"user_report": 4, "pathologist": 1, "status": true}}, {"model": "lab.lab_rec", "pk": 6, "fields": {"user_report": 5, "pathologist": 1, "status": true}}, {"model": "pharm.pharmlog", "pk": 1, "fields": {"uid": 1, "user_name": "kavilparikh", "userip": "127.0.0.1", "loginTime": "2020-02-28T03:33:13.091Z", "logoutTime": "2020-02-28T03:33:25.131Z", "success": true}}, {"model": "pharm.pharmlog", "pk": 2, "fields": {"uid": 1, "user_name": "kavilparikh", "userip": "127.0.0.1", "loginTime": "2020-02-28T03:37:34.715Z", "logoutTime": "2020-02-28T05:32:43.547Z", "success": true}}, {"model": "pharm.pharmlog", "pk": 3, "fields": {"uid": 1, "user_name": "kavilparikh", "userip": "127.0.0.1", "loginTime": "2020-02-28T05:44:21.119Z", "logoutTime": "2020-02-28T05:44:33.729Z", "success": true}}, {"model": "pharm.pharmlog", "pk": 4, "fields": {"uid": 1, "user_name": "kavilparikh", "userip": "127.0.0.1", "loginTime": "2020-02-28T06:59:18.602Z", "logoutTime": null, "success": false}}, {"model": "pharm.pharmlog", "pk": 5, "fields": {"uid": 1, "user_name": "kavilparikh", "userip": "127.0.0.1", "loginTime": "2020-02-28T09:14:34.171Z", "logoutTime": null, "success": false}}, {"model": "pharm.pharm", "pk": 1, "fields": {"pharm_name": "Kavil", "created_at": "2020-02-28T03:29:16.419Z", "updated_at": "2020-02-28T03:35:40.856Z", "user_name": "kavilparikh", "email": "kavilparikhhonor@gmail.com", "password": "kavil123", "user_photo": "pictures/pharm/pharm_img/health8.jpg", "cert_image": "pictures/pharm/cert_image/health10.jpg", "User_progress": "1", "User_otp": "4042", "User_otp_created": null, "pharm_address": "kldlakdlasksladk", "pharm_contact_number": "9898780779", "pharm_verified": true}}, {"model": "pharm.pharm_fb", "pk": 1, "fields": {"uid": 1, "user_name": "kavilparikh", "created_at": "2020-02-28T03:53:51.435Z", "content": "rahul needs help.", "subject": "Help"}}, {"model": "pharm.pharm_rec", "pk": 1, "fields": {"user_cons": 20, "pharmacist": 1}}, {"model": "pharm.pharm_rec", "pk": 2, "fields": {"user_cons": 20, "pharmacist": 1}}, {"model": "pharm.pharm_rec", "pk": 3, "fields": {"user_cons": 20, "pharmacist": 1}}, {"model": "pharm.pharm_rec", "pk": 4, "fields": {"user_cons": 28, "pharmacist": 1}}, {"model": "pharm.pharm_rec", "pk": 5, "fields": {"user_cons": 29, "pharmacist": 1}}, {"model": "auth.permission", "pk": 1, "fields": {"name": "Can add log entry", "content_type": 1, "codename": "add_logentry"}}, {"model": "auth.permission", "pk": 2, "fields": {"name": "Can change log entry", "content_type": 1, "codename": "change_logentry"}}, {"model": "auth.permission", "pk": 3, "fields": {"name": "Can delete log entry", "content_type": 1, "codename": "delete_logentry"}}, {"model": "auth.permission", "pk": 4, "fields": {"name": "Can view log entry", "content_type": 1, "codename": "view_logentry"}}, {"model": "auth.permission", "pk": 5, "fields": {"name": "Can add permission", "content_type": 2, "codename": "add_permission"}}, {"model": "auth.permission", "pk": 6, "fields": {"name": "Can change permission", "content_type": 2, "codename": "change_permission"}}, {"model": "auth.permission", "pk": 7, "fields": {"name": "Can delete permission", "content_type": 2, "codename": "delete_permission"}}, {"model": "auth.permission", "pk": 8, "fields": {"name": "Can view permission", "content_type": 2, "codename": "view_permission"}}, {"model": "auth.permission", "pk": 9, "fields": {"name": "Can add group", "content_type": 3, "codename": "add_group"}}, {"model": "auth.permission", "pk": 10, "fields": {"name": "Can change group", "content_type": 3, "codename": "change_group"}}, {"model": "auth.permission", "pk": 11, "fields": {"name": "Can delete group", "content_type": 3, "codename": "delete_group"}}, {"model": "auth.permission", "pk": 12, "fields": {"name": "Can view group", "content_type": 3, "codename": "view_group"}}, {"model": "auth.permission", "pk": 13, "fields": {"name": "Can add user", "content_type": 4, "codename": "add_user"}}, {"model": "auth.permission", "pk": 14, "fields": {"name": "Can change user", "content_type": 4, "codename": "change_user"}}, {"model": "auth.permission", "pk": 15, "fields": {"name": "Can delete user", "content_type": 4, "codename": "delete_user"}}, {"model": "auth.permission", "pk": 16, "fields": {"name": "Can view user", "content_type": 4, "codename": "view_user"}}, {"model": "auth.permission", "pk": 17, "fields": {"name": "Can add content type", "content_type": 5, "codename": "add_contenttype"}}, {"model": "auth.permission", "pk": 18, "fields": {"name": "Can change content type", "content_type": 5, "codename": "change_contenttype"}}, {"model": "auth.permission", "pk": 19, "fields": {"name": "Can delete content type", "content_type": 5, "codename": "delete_contenttype"}}, {"model": "auth.permission", "pk": 20, "fields": {"name": "Can view content type", "content_type": 5, "codename": "view_contenttype"}}, {"model": "auth.permission", "pk": 21, "fields": {"name": "Can add session", "content_type": 6, "codename": "add_session"}}, {"model": "auth.permission", "pk": 22, "fields": {"name": "Can change session", "content_type": 6, "codename": "change_session"}}, {"model": "auth.permission", "pk": 23, "fields": {"name": "Can delete session", "content_type": 6, "codename": "delete_session"}}, {"model": "auth.permission", "pk": 24, "fields": {"name": "Can view session", "content_type": 6, "codename": "view_session"}}, {"model": "auth.permission", "pk": 25, "fields": {"name": "Can add user log", "content_type": 7, "codename": "add_userlog"}}, {"model": "auth.permission", "pk": 26, "fields": {"name": "Can change user log", "content_type": 7, "codename": "change_userlog"}}, {"model": "auth.permission", "pk": 27, "fields": {"name": "Can delete user log", "content_type": 7, "codename": "delete_userlog"}}, {"model": "auth.permission", "pk": 28, "fields": {"name": "Can view user log", "content_type": 7, "codename": "view_userlog"}}, {"model": "auth.permission", "pk": 29, "fields": {"name": "Can add user", "content_type": 8, "codename": "add_user"}}, {"model": "auth.permission", "pk": 30, "fields": {"name": "Can change user", "content_type": 8, "codename": "change_user"}}, {"model": "auth.permission", "pk": 31, "fields": {"name": "Can delete user", "content_type": 8, "codename": "delete_user"}}, {"model": "auth.permission", "pk": 32, "fields": {"name": "Can view user", "content_type": 8, "codename": "view_user"}}, {"model": "auth.permission", "pk": 33, "fields": {"name": "Can add user_fb", "content_type": 9, "codename": "add_user_fb"}}, {"model": "auth.permission", "pk": 34, "fields": {"name": "Can change user_fb", "content_type": 9, "codename": "change_user_fb"}}, {"model": "auth.permission", "pk": 35, "fields": {"name": "Can delete user_fb", "content_type": 9, "codename": "delete_user_fb"}}, {"model": "auth.permission", "pk": 36, "fields": {"name": "Can view user_fb", "content_type": 9, "codename": "view_user_fb"}}, {"model": "auth.permission", "pk": 37, "fields": {"name": "Can add captcha store", "content_type": 10, "codename": "add_captchastore"}}, {"model": "auth.permission", "pk": 38, "fields": {"name": "Can change captcha store", "content_type": 10, "codename": "change_captchastore"}}, {"model": "auth.permission", "pk": 39, "fields": {"name": "Can delete captcha store", "content_type": 10, "codename": "delete_captchastore"}}, {"model": "auth.permission", "pk": 40, "fields": {"name": "Can view captcha store", "content_type": 10, "codename": "view_captchastore"}}, {"model": "auth.permission", "pk": 41, "fields": {"name": "Can add superadmin log", "content_type": 11, "codename": "add_superadminlog"}}, {"model": "auth.permission", "pk": 42, "fields": {"name": "Can change superadmin log", "content_type": 11, "codename": "change_superadminlog"}}, {"model": "auth.permission", "pk": 43, "fields": {"name": "Can delete superadmin log", "content_type": 11, "codename": "delete_superadminlog"}}, {"model": "auth.permission", "pk": 44, "fields": {"name": "Can view superadmin log", "content_type": 11, "codename": "view_superadminlog"}}, {"model": "auth.permission", "pk": 45, "fields": {"name": "Can add superadmin", "content_type": 12, "codename": "add_superadmin"}}, {"model": "auth.permission", "pk": 46, "fields": {"name": "Can change superadmin", "content_type": 12, "codename": "change_superadmin"}}, {"model": "auth.permission", "pk": 47, "fields": {"name": "Can delete superadmin", "content_type": 12, "codename": "delete_superadmin"}}, {"model": "auth.permission", "pk": 48, "fields": {"name": "Can view superadmin", "content_type": 12, "codename": "view_superadmin"}}, {"model": "auth.permission", "pk": 49, "fields": {"name": "Can add doctor log", "content_type": 13, "codename": "add_doctorlog"}}, {"model": "auth.permission", "pk": 50, "fields": {"name": "Can change doctor log", "content_type": 13, "codename": "change_doctorlog"}}, {"model": "auth.permission", "pk": 51, "fields": {"name": "Can delete doctor log", "content_type": 13, "codename": "delete_doctorlog"}}, {"model": "auth.permission", "pk": 52, "fields": {"name": "Can view doctor log", "content_type": 13, "codename": "view_doctorlog"}}, {"model": "auth.permission", "pk": 53, "fields": {"name": "Can add doctor", "content_type": 14, "codename": "add_doctor"}}, {"model": "auth.permission", "pk": 54, "fields": {"name": "Can change doctor", "content_type": 14, "codename": "change_doctor"}}, {"model": "auth.permission", "pk": 55, "fields": {"name": "Can delete doctor", "content_type": 14, "codename": "delete_doctor"}}, {"model": "auth.permission", "pk": 56, "fields": {"name": "Can view doctor", "content_type": 14, "codename": "view_doctor"}}, {"model": "auth.permission", "pk": 57, "fields": {"name": "Can add doctor_fb", "content_type": 15, "codename": "add_doctor_fb"}}, {"model": "auth.permission", "pk": 58, "fields": {"name": "Can change doctor_fb", "content_type": 15, "codename": "change_doctor_fb"}}, {"model": "auth.permission", "pk": 59, "fields": {"name": "Can delete doctor_fb", "content_type": 15, "codename": "delete_doctor_fb"}}, {"model": "auth.permission", "pk": 60, "fields": {"name": "Can view doctor_fb", "content_type": 15, "codename": "view_doctor_fb"}}, {"model": "auth.permission", "pk": 61, "fields": {"name": "Can add user_contacts", "content_type": 16, "codename": "add_user_contacts"}}, {"model": "auth.permission", "pk": 62, "fields": {"name": "Can change user_contacts", "content_type": 16, "codename": "change_user_contacts"}}, {"model": "auth.permission", "pk": 63, "fields": {"name": "Can delete user_contacts", "content_type": 16, "codename": "delete_user_contacts"}}, {"model": "auth.permission", "pk": 64, "fields": {"name": "Can view user_contacts", "content_type": 16, "codename": "view_user_contacts"}}, {"model": "auth.permission", "pk": 65, "fields": {"name": "Can add user_medical", "content_type": 17, "codename": "add_user_medical"}}, {"model": "auth.permission", "pk": 66, "fields": {"name": "Can change user_medical", "content_type": 17, "codename": "change_user_medical"}}, {"model": "auth.permission", "pk": 67, "fields": {"name": "Can delete user_medical", "content_type": 17, "codename": "delete_user_medical"}}, {"model": "auth.permission", "pk": 68, "fields": {"name": "Can view user_medical", "content_type": 17, "codename": "view_user_medical"}}, {"model": "auth.permission", "pk": 69, "fields": {"name": "Can add user_surgery", "content_type": 18, "codename": "add_user_surgery"}}, {"model": "auth.permission", "pk": 70, "fields": {"name": "Can change user_surgery", "content_type": 18, "codename": "change_user_surgery"}}, {"model": "auth.permission", "pk": 71, "fields": {"name": "Can delete user_surgery", "content_type": 18, "codename": "delete_user_surgery"}}, {"model": "auth.permission", "pk": 72, "fields": {"name": "Can view user_surgery", "content_type": 18, "codename": "view_user_surgery"}}, {"model": "auth.permission", "pk": 73, "fields": {"name": "Can add user_doctor_consultancy", "content_type": 19, "codename": "add_user_doctor_consultancy"}}, {"model": "auth.permission", "pk": 74, "fields": {"name": "Can change user_doctor_consultancy", "content_type": 19, "codename": "change_user_doctor_consultancy"}}, {"model": "auth.permission", "pk": 75, "fields": {"name": "Can delete user_doctor_consultancy", "content_type": 19, "codename": "delete_user_doctor_consultancy"}}, {"model": "auth.permission", "pk": 76, "fields": {"name": "Can view user_doctor_consultancy", "content_type": 19, "codename": "view_user_doctor_consultancy"}}, {"model": "auth.permission", "pk": 77, "fields": {"name": "Can add symptom cat", "content_type": 20, "codename": "add_symptomcat"}}, {"model": "auth.permission", "pk": 78, "fields": {"name": "Can change symptom cat", "content_type": 20, "codename": "change_symptomcat"}}, {"model": "auth.permission", "pk": 79, "fields": {"name": "Can delete symptom cat", "content_type": 20, "codename": "delete_symptomcat"}}, {"model": "auth.permission", "pk": 80, "fields": {"name": "Can view symptom cat", "content_type": 20, "codename": "view_symptomcat"}}, {"model": "auth.permission", "pk": 81, "fields": {"name": "Can add symptoms", "content_type": 21, "codename": "add_symptoms"}}, {"model": "auth.permission", "pk": 82, "fields": {"name": "Can change symptoms", "content_type": 21, "codename": "change_symptoms"}}, {"model": "auth.permission", "pk": 83, "fields": {"name": "Can delete symptoms", "content_type": 21, "codename": "delete_symptoms"}}, {"model": "auth.permission", "pk": 84, "fields": {"name": "Can view symptoms", "content_type": 21, "codename": "view_symptoms"}}, {"model": "auth.permission", "pk": 85, "fields": {"name": "Can add disease cat", "content_type": 22, "codename": "add_diseasecat"}}, {"model": "auth.permission", "pk": 86, "fields": {"name": "Can change disease cat", "content_type": 22, "codename": "change_diseasecat"}}, {"model": "auth.permission", "pk": 87, "fields": {"name": "Can delete disease cat", "content_type": 22, "codename": "delete_diseasecat"}}, {"model": "auth.permission", "pk": 88, "fields": {"name": "Can view disease cat", "content_type": 22, "codename": "view_diseasecat"}}, {"model": "auth.permission", "pk": 89, "fields": {"name": "Can add diseases", "content_type": 23, "codename": "add_diseases"}}, {"model": "auth.permission", "pk": 90, "fields": {"name": "Can change diseases", "content_type": 23, "codename": "change_diseases"}}, {"model": "auth.permission", "pk": 91, "fields": {"name": "Can delete diseases", "content_type": 23, "codename": "delete_diseases"}}, {"model": "auth.permission", "pk": 92, "fields": {"name": "Can view diseases", "content_type": 23, "codename": "view_diseases"}}, {"model": "auth.permission", "pk": 93, "fields": {"name": "Can add injury", "content_type": 24, "codename": "add_injury"}}, {"model": "auth.permission", "pk": 94, "fields": {"name": "Can change injury", "content_type": 24, "codename": "change_injury"}}, {"model": "auth.permission", "pk": 95, "fields": {"name": "Can delete injury", "content_type": 24, "codename": "delete_injury"}}, {"model": "auth.permission", "pk": 96, "fields": {"name": "Can view injury", "content_type": 24, "codename": "view_injury"}}, {"model": "auth.permission", "pk": 97, "fields": {"name": "Can add user_doctor_case", "content_type": 25, "codename": "add_user_doctor_case"}}, {"model": "auth.permission", "pk": 98, "fields": {"name": "Can change user_doctor_case", "content_type": 25, "codename": "change_user_doctor_case"}}, {"model": "auth.permission", "pk": 99, "fields": {"name": "Can delete user_doctor_case", "content_type": 25, "codename": "delete_user_doctor_case"}}, {"model": "auth.permission", "pk": 100, "fields": {"name": "Can view user_doctor_case", "content_type": 25, "codename": "view_user_doctor_case"}}, {"model": "auth.permission", "pk": 101, "fields": {"name": "Can add user_medicine", "content_type": 26, "codename": "add_user_medicine"}}, {"model": "auth.permission", "pk": 102, "fields": {"name": "Can change user_medicine", "content_type": 26, "codename": "change_user_medicine"}}, {"model": "auth.permission", "pk": 103, "fields": {"name": "Can delete user_medicine", "content_type": 26, "codename": "delete_user_medicine"}}, {"model": "auth.permission", "pk": 104, "fields": {"name": "Can view user_medicine", "content_type": 26, "codename": "view_user_medicine"}}, {"model": "auth.permission", "pk": 105, "fields": {"name": "Can add user_medicine_own", "content_type": 27, "codename": "add_user_medicine_own"}}, {"model": "auth.permission", "pk": 106, "fields": {"name": "Can change user_medicine_own", "content_type": 27, "codename": "change_user_medicine_own"}}, {"model": "auth.permission", "pk": 107, "fields": {"name": "Can delete user_medicine_own", "content_type": 27, "codename": "delete_user_medicine_own"}}, {"model": "auth.permission", "pk": 108, "fields": {"name": "Can view user_medicine_own", "content_type": 27, "codename": "view_user_medicine_own"}}, {"model": "auth.permission", "pk": 109, "fields": {"name": "Can add user_allergy", "content_type": 28, "codename": "add_user_allergy"}}, {"model": "auth.permission", "pk": 110, "fields": {"name": "Can change user_allergy", "content_type": 28, "codename": "change_user_allergy"}}, {"model": "auth.permission", "pk": 111, "fields": {"name": "Can delete user_allergy", "content_type": 28, "codename": "delete_user_allergy"}}, {"model": "auth.permission", "pk": 112, "fields": {"name": "Can view user_allergy", "content_type": 28, "codename": "view_user_allergy"}}, {"model": "auth.permission", "pk": 113, "fields": {"name": "Can add user_reports", "content_type": 29, "codename": "add_user_reports"}}, {"model": "auth.permission", "pk": 114, "fields": {"name": "Can change user_reports", "content_type": 29, "codename": "change_user_reports"}}, {"model": "auth.permission", "pk": 115, "fields": {"name": "Can delete user_reports", "content_type": 29, "codename": "delete_user_reports"}}, {"model": "auth.permission", "pk": 116, "fields": {"name": "Can view user_reports", "content_type": 29, "codename": "view_user_reports"}}, {"model": "auth.permission", "pk": 117, "fields": {"name": "Can add lab_report_files", "content_type": 30, "codename": "add_lab_report_files"}}, {"model": "auth.permission", "pk": 118, "fields": {"name": "Can change lab_report_files", "content_type": 30, "codename": "change_lab_report_files"}}, {"model": "auth.permission", "pk": 119, "fields": {"name": "Can delete lab_report_files", "content_type": 30, "codename": "delete_lab_report_files"}}, {"model": "auth.permission", "pk": 120, "fields": {"name": "Can view lab_report_files", "content_type": 30, "codename": "view_lab_report_files"}}, {"model": "auth.permission", "pk": 121, "fields": {"name": "Can add user_parameters", "content_type": 31, "codename": "add_user_parameters"}}, {"model": "auth.permission", "pk": 122, "fields": {"name": "Can change user_parameters", "content_type": 31, "codename": "change_user_parameters"}}, {"model": "auth.permission", "pk": 123, "fields": {"name": "Can delete user_parameters", "content_type": 31, "codename": "delete_user_parameters"}}, {"model": "auth.permission", "pk": 124, "fields": {"name": "Can view user_parameters", "content_type": 31, "codename": "view_user_parameters"}}, {"model": "auth.permission", "pk": 125, "fields": {"name": "Can add lab log", "content_type": 32, "codename": "add_lablog"}}, {"model": "auth.permission", "pk": 126, "fields": {"name": "Can change lab log", "content_type": 32, "codename": "change_lablog"}}, {"model": "auth.permission", "pk": 127, "fields": {"name": "Can delete lab log", "content_type": 32, "codename": "delete_lablog"}}, {"model": "auth.permission", "pk": 128, "fields": {"name": "Can view lab log", "content_type": 32, "codename": "view_lablog"}}, {"model": "auth.permission", "pk": 129, "fields": {"name": "Can add lab", "content_type": 33, "codename": "add_lab"}}, {"model": "auth.permission", "pk": 130, "fields": {"name": "Can change lab", "content_type": 33, "codename": "change_lab"}}, {"model": "auth.permission", "pk": 131, "fields": {"name": "Can delete lab", "content_type": 33, "codename": "delete_lab"}}, {"model": "auth.permission", "pk": 132, "fields": {"name": "Can view lab", "content_type": 33, "codename": "view_lab"}}, {"model": "auth.permission", "pk": 133, "fields": {"name": "Can add pharm", "content_type": 34, "codename": "add_pharm"}}, {"model": "auth.permission", "pk": 134, "fields": {"name": "Can change pharm", "content_type": 34, "codename": "change_pharm"}}, {"model": "auth.permission", "pk": 135, "fields": {"name": "Can delete pharm", "content_type": 34, "codename": "delete_pharm"}}, {"model": "auth.permission", "pk": 136, "fields": {"name": "Can view pharm", "content_type": 34, "codename": "view_pharm"}}, {"model": "auth.permission", "pk": 137, "fields": {"name": "Can add pharm log", "content_type": 35, "codename": "add_pharmlog"}}, {"model": "auth.permission", "pk": 138, "fields": {"name": "Can change pharm log", "content_type": 35, "codename": "change_pharmlog"}}, {"model": "auth.permission", "pk": 139, "fields": {"name": "Can delete pharm log", "content_type": 35, "codename": "delete_pharmlog"}}, {"model": "auth.permission", "pk": 140, "fields": {"name": "Can view pharm log", "content_type": 35, "codename": "view_pharmlog"}}, {"model": "auth.permission", "pk": 141, "fields": {"name": "Can add lab_fb", "content_type": 36, "codename": "add_lab_fb"}}, {"model": "auth.permission", "pk": 142, "fields": {"name": "Can change lab_fb", "content_type": 36, "codename": "change_lab_fb"}}, {"model": "auth.permission", "pk": 143, "fields": {"name": "Can delete lab_fb", "content_type": 36, "codename": "delete_lab_fb"}}, {"model": "auth.permission", "pk": 144, "fields": {"name": "Can view lab_fb", "content_type": 36, "codename": "view_lab_fb"}}, {"model": "auth.permission", "pk": 145, "fields": {"name": "Can add pharm_fb", "content_type": 37, "codename": "add_pharm_fb"}}, {"model": "auth.permission", "pk": 146, "fields": {"name": "Can change pharm_fb", "content_type": 37, "codename": "change_pharm_fb"}}, {"model": "auth.permission", "pk": 147, "fields": {"name": "Can delete pharm_fb", "content_type": 37, "codename": "delete_pharm_fb"}}, {"model": "auth.permission", "pk": 148, "fields": {"name": "Can view pharm_fb", "content_type": 37, "codename": "view_pharm_fb"}}, {"model": "auth.permission", "pk": 149, "fields": {"name": "Can add lab_rec", "content_type": 38, "codename": "add_lab_rec"}}, {"model": "auth.permission", "pk": 150, "fields": {"name": "Can change lab_rec", "content_type": 38, "codename": "change_lab_rec"}}, {"model": "auth.permission", "pk": 151, "fields": {"name": "Can delete lab_rec", "content_type": 38, "codename": "delete_lab_rec"}}, {"model": "auth.permission", "pk": 152, "fields": {"name": "Can view lab_rec", "content_type": 38, "codename": "view_lab_rec"}}, {"model": "auth.permission", "pk": 153, "fields": {"name": "Can add pharm_rec", "content_type": 39, "codename": "add_pharm_rec"}}, {"model": "auth.permission", "pk": 154, "fields": {"name": "Can change pharm_rec", "content_type": 39, "codename": "change_pharm_rec"}}, {"model": "auth.permission", "pk": 155, "fields": {"name": "Can delete pharm_rec", "content_type": 39, "codename": "delete_pharm_rec"}}, {"model": "auth.permission", "pk": 156, "fields": {"name": "Can view pharm_rec", "content_type": 39, "codename": "view_pharm_rec"}}]